dawn/dusk,daytime,night,undefined
778,5258,3929,35
0.9410700436054592,0.9338069465099438,0.9577576089640659,0.9356191659899862
0.942947765414849