city street,gas stations,highway,parking lot,residential,tunnel,undefined
6112,7,2499,49,1253,27,53
0.9399757743938874,0.8799331147607602,0.9446641505717521,0.9151465482860829,0.9587135030409613,0.9506858785975354,0.9527356887573378
0.942947765414849