large,medium,small,very large,very small
5767,11330,6520,12425,114690
0.9373046714399517,0.9330461886973614,0.939696330520241,0.9315148165937769,0.9456367185890431
0.9429477654148488