large,medium,small,very large,very small
5767,11330,6520,12425,114690
0.9412119285383218,0.9383691325301201,0.9466456508714515,0.9365061539883469,0.9483807803579377
0.9462974814888733