clear,foggy,overcast,partly cloudy,rainy,snowy,undefined
5346,13,1239,738,738,769,1157
0.9495728964252514,0.9412474068565841,0.9399468651864605,0.9341655949403441,0.9362430398804866,0.9427612380894598,0.9295706788603447
0.9429477654148491