dawn/dusk,daytime,night,undefined
778,5258,3929,35
0.9455140208394333,0.9372411623903075,0.9607427486995517,0.9326701799286878
0.9462974814888733